id,regNo,firstName,lastName,email,status,registrationDate
1,23UIHU90,Nancy,Hardman,Nancywe13@gmail.com,ACTIVE,2025-09-18
2,23UIHU91,Federick,Hessington,Fed.hess@gmail.com,ACTIVE,2025-09-18
3,23UIHU94,Kalyani,Vaibhav,Vaibhav.kal@gmail.com,ACTIVE,2025-09-18
4,23UIHU98,Jayesh,Binawar,Binawar23.Jay@gmail.com,ACTIVE,2025-09-18
5,23UIHU78,Sai,Puri,Puri.sai190@gmail.com,ACTIVE,2025-09-18
6,23UIHU79,Pratheek,Sai,Saipratheek@gmail.com,ACTIVE,2025-09-18
12,23GH90,Sai,KAl,Saueq@gmail.com,ACTIVE,2025-09-18
124,124VF90,DEd,Hufae,Hufae.fa@gmail.com,ACTIVE,2025-09-18
